2017-04-09T11:46:39.990780,Wtbdws,Deboah,,
2017-04-09T11:46:39.991027,Znzvha,Urdzbd,,
2017-04-09T11:46:39.991197,Tqypgc,Gpptre,,
2017-04-09T11:46:39.991352,Imsdes,Eezgjl,,
2017-04-09T11:46:39.991512,Gacpyr,Ttzskc,,
2017-04-09T11:46:39.991729,Icevkh,Ewnumf,,
2017-04-09T11:46:39.991885,Tqhsbr,Qhpcnm,,
2017-04-09T11:46:39.992103,Exunqu,Nedyzf,,
2017-04-09T12:17:06.465383,Wtbdws,Deboah,70.40671924726425,102.0
2017-04-09T12:17:06.466072,Znzvha,Urdzbd,69,152.0
2017-04-09T12:17:06.466531,Tqypgc,Gpptre,172,84.0
2017-04-09T12:17:06.466971,Imsdes,Eezgjl,51,76.0
2017-04-09T12:17:06.467799,Gacpyr,Ttzskc,21.610917912644226,112.0
2017-04-09T12:17:06.468242,Icevkh,Ewnumf,7.475339236566737,99.0
2017-04-09T12:17:06.470005,Tqhsbr,Qhpcnm,246,146.0
2017-04-09T12:17:06.470538,Exunqu,Nedyzf,64.70805020110221,114.0
2017-04-09T12:30:12.209271,Wtbdws,Deboah,70.40671924726425,102.0
2017-04-09T12:30:12.209841,Znzvha,Urdzbd,69,152.0
2017-04-09T12:30:12.210214,Tqypgc,Gpptre,172,84.0
2017-04-09T12:30:12.210576,Imsdes,Eezgjl,51,76.0
2017-04-09T12:30:12.211307,Gacpyr,Ttzskc,21.610917912644226,112.0
2017-04-09T12:30:12.211838,Icevkh,Ewnumf,7.475339236566737,99.0
2017-04-09T12:30:12.213065,Tqhsbr,Qhpcnm,246,146.0
2017-04-09T12:30:12.213717,Exunqu,Nedyzf,64.70805020110221,114.0
2017-04-09T14:02:40.349670,Wtbdws,Deboah,70.40671924726425,102.0
2017-04-09T14:02:40.360600,Znzvha,Urdzbd,69,152.0
2017-04-09T14:02:40.360990,Tqypgc,Gpptre,172,84.0
2017-04-09T14:02:40.361391,Imsdes,Eezgjl,51,76.0
2017-04-09T14:02:40.362080,Gacpyr,Ttzskc,21.610917912644226,112.0
2017-04-09T14:02:40.362486,Icevkh,Ewnumf,7.475339236566737,99.0
2017-04-09T14:02:40.363509,Tqhsbr,Qhpcnm,246,146.0
2017-04-09T14:02:40.364075,Exunqu,Nedyzf,64.70805020110221,114.0
2017-04-09T14:04:27.641505,Wtbdws,Deboah,70.40671924726425,102.0
2017-04-09T14:04:27.642202,Znzvha,Urdzbd,69,152.0
2017-04-09T14:04:27.642666,Tqypgc,Gpptre,172,84.0
2017-04-09T14:04:27.643108,Imsdes,Eezgjl,51,76.0
2017-04-09T14:04:27.643938,Gacpyr,Ttzskc,21.610917912644226,112.0
2017-04-09T14:04:27.644376,Icevkh,Ewnumf,7.475339236566737,99.0
2017-04-09T14:04:27.645609,Tqhsbr,Qhpcnm,246,146.0
2017-04-09T14:04:27.646220,Exunqu,Nedyzf,64.70805020110221,114.0
2017-04-09T14:04:41.743076,Wtbdws,Deboah,70.40671924726425,102.0
2017-04-09T14:04:41.743738,Znzvha,Urdzbd,69,152.0
2017-04-09T14:04:41.744223,Tqypgc,Gpptre,172,84.0
2017-04-09T14:04:41.744659,Imsdes,Eezgjl,51,76.0
2017-04-09T14:04:41.745495,Gacpyr,Ttzskc,21.610917912644226,112.0
2017-04-09T14:04:41.745935,Icevkh,Ewnumf,7.475339236566737,99.0
2017-04-09T14:04:41.747137,Tqhsbr,Qhpcnm,246,146.0
2017-04-09T14:04:41.747776,Exunqu,Nedyzf,64.70805020110221,114.0
2017-04-09T14:05:12.309474,Wtbdws,Deboah,70.40671924726425,102.0
2017-04-09T14:05:12.310150,Znzvha,Urdzbd,69,152.0
2017-04-09T14:05:12.310616,Tqypgc,Gpptre,172,84.0
2017-04-09T14:05:12.311060,Imsdes,Eezgjl,51,76.0
2017-04-09T14:05:12.311925,Gacpyr,Ttzskc,21.610917912644226,112.0
2017-04-09T14:05:12.312390,Icevkh,Ewnumf,7.475339236566737,99.0
2017-04-09T14:05:12.313663,Tqhsbr,Qhpcnm,246,146.0
2017-04-09T14:05:12.314292,Exunqu,Nedyzf,64.70805020110221,114.0
2017-04-09T14:05:41.196072,Wtbdws,Deboah,70.40671924726425,102.0
2017-04-09T14:05:41.196612,Znzvha,Urdzbd,69,152.0
2017-04-09T14:05:41.196987,Tqypgc,Gpptre,172,84.0
2017-04-09T14:05:41.197382,Imsdes,Eezgjl,51,76.0
2017-04-09T14:05:41.198065,Gacpyr,Ttzskc,21.610917912644226,112.0
2017-04-09T14:05:41.198462,Icevkh,Ewnumf,7.475339236566737,99.0
2017-04-09T14:05:41.199427,Tqhsbr,Qhpcnm,246,146.0
2017-04-09T14:05:41.199971,Exunqu,Nedyzf,64.70805020110221,114.0
2017-04-09T14:06:01.024811,Wtbdws,Deboah,70.40671924726425,102.0
2017-04-09T14:06:01.025384,Znzvha,Urdzbd,69,152.0
2017-04-09T14:06:01.025763,Tqypgc,Gpptre,172,84.0
2017-04-09T14:06:01.026119,Imsdes,Eezgjl,51,76.0
2017-04-09T14:06:01.026778,Gacpyr,Ttzskc,21.610917912644226,112.0
2017-04-09T14:06:01.027154,Icevkh,Ewnumf,7.475339236566737,99.0
2017-04-09T14:06:01.028995,Tqhsbr,Qhpcnm,246,146.0
2017-04-09T14:06:01.029558,Exunqu,Nedyzf,64.70805020110221,114.0
2017-04-09T14:06:09.982176,Wtbdws,Deboah,70.40671924726425,102.0
2017-04-09T14:06:09.982835,Znzvha,Urdzbd,69,152.0
2017-04-09T14:06:09.983375,Tqypgc,Gpptre,172,84.0
2017-04-09T14:06:09.983800,Imsdes,Eezgjl,51,76.0
2017-04-09T14:06:09.984467,Gacpyr,Ttzskc,21.610917912644226,112.0
2017-04-09T14:06:09.984925,Icevkh,Ewnumf,7.475339236566737,99.0
2017-04-09T14:06:09.986419,Tqhsbr,Qhpcnm,246,146.0
2017-04-09T14:06:09.987036,Exunqu,Nedyzf,64.70805020110221,114.0
2017-04-09T14:07:13.285728,Wtbdws,Deboah,70.40671924726425,102.0
2017-04-09T14:07:13.286264,Znzvha,Urdzbd,69,152.0
2017-04-09T14:07:13.286635,Tqypgc,Gpptre,172,84.0
2017-04-09T14:07:13.286994,Imsdes,Eezgjl,51,76.0
2017-04-09T14:07:13.287658,Gacpyr,Ttzskc,21.610917912644226,112.0
2017-04-09T14:07:13.288030,Icevkh,Ewnumf,7.475339236566737,99.0
2017-04-09T14:07:13.288982,Tqhsbr,Qhpcnm,246,146.0
2017-04-09T14:07:13.289520,Exunqu,Nedyzf,64.70805020110221,114.0
2017-04-09T14:08:40.370562,Wtbdws,Deboah,70.40671924726425,102.0
2017-04-09T14:08:40.371103,Znzvha,Urdzbd,69,152.0
2017-04-09T14:08:40.371480,Tqypgc,Gpptre,172,84.0
2017-04-09T14:08:40.371834,Imsdes,Eezgjl,51,76.0
2017-04-09T14:08:40.372493,Gacpyr,Ttzskc,21.610917912644226,112.0
2017-04-09T14:08:40.372867,Icevkh,Ewnumf,7.475339236566737,99.0
2017-04-09T14:08:40.373872,Tqhsbr,Qhpcnm,246,146.0
2017-04-09T14:08:40.374407,Exunqu,Nedyzf,64.70805020110221,114.0
2017-04-09T14:09:38.314928,Wtbdws,Deboah,70.40671924726425,102.0
2017-04-09T14:09:38.315588,Znzvha,Urdzbd,69,152.0
2017-04-09T14:09:38.316044,Tqypgc,Gpptre,172,84.0
2017-04-09T14:09:38.316486,Imsdes,Eezgjl,51,76.0
2017-04-09T14:09:38.317340,Gacpyr,Ttzskc,21.610917912644226,112.0
2017-04-09T14:09:38.317801,Icevkh,Ewnumf,7.475339236566737,99.0
2017-04-09T14:09:38.318848,Tqhsbr,Qhpcnm,246,146.0
2017-04-09T14:09:38.319398,Exunqu,Nedyzf,64.70805020110221,114.0
2017-04-09T14:41:10.114485,Wtbdws,Deboah,70.40671924726425,102.0
2017-04-09T14:41:10.115022,Znzvha,Urdzbd,69,152.0
2017-04-09T14:41:10.115394,Tqypgc,Gpptre,172,84.0
2017-04-09T14:41:10.115766,Imsdes,Eezgjl,51,76.0
2017-04-09T14:41:10.116414,Gacpyr,Ttzskc,21.610917912644226,112.0
2017-04-09T14:41:10.116816,Icevkh,Ewnumf,7.475339236566737,99.0
2017-04-09T14:41:10.117822,Tqhsbr,Qhpcnm,246,146.0
2017-04-09T14:41:10.118492,Exunqu,Nedyzf,64.70805020110221,114.0
2017-04-09T14:42:31.873865,Wtbdws,Deboah,70.40671924726425,102.0
2017-04-09T14:42:31.874432,Znzvha,Urdzbd,69,152.0
2017-04-09T14:42:31.874803,Tqypgc,Gpptre,172,84.0
2017-04-09T14:42:31.875153,Imsdes,Eezgjl,51,76.0
2017-04-09T14:42:31.875802,Gacpyr,Ttzskc,21.610917912644226,112.0
2017-04-09T14:42:31.876182,Icevkh,Ewnumf,7.475339236566737,99.0
2017-04-09T14:42:31.877144,Tqhsbr,Qhpcnm,246,146.0
2017-04-09T14:42:31.877672,Exunqu,Nedyzf,64.70805020110221,114.0
2017-04-09T15:21:15.523369,Wtbdws,Deboah,70.40671924726425,102.0
2017-04-09T15:21:15.523901,Znzvha,Urdzbd,69,152.0
2017-04-09T15:21:15.538246,Tqypgc,Gpptre,172,84.0
2017-04-09T15:21:15.538607,Imsdes,Eezgjl,51,76.0
2017-04-09T15:21:15.539262,Gacpyr,Ttzskc,21.610917912644226,112.0
2017-04-09T15:21:15.539683,Icevkh,Ewnumf,7.475339236566737,99.0
2017-04-09T15:21:15.540643,Tqhsbr,Qhpcnm,246,146.0
2017-04-09T15:21:15.541169,Exunqu,Nedyzf,64.70805020110221,114.0
2017-04-09T15:21:34.474076,Wtbdws,Deboah,70.40671924726425,102.0
2017-04-09T15:21:34.474665,Znzvha,Urdzbd,69,152.0
2017-04-09T15:21:34.475084,Tqypgc,Gpptre,172,84.0
2017-04-09T15:21:34.475470,Imsdes,Eezgjl,51,76.0
2017-04-09T15:21:34.476126,Gacpyr,Ttzskc,21.610917912644226,112.0
2017-04-09T15:21:34.476540,Icevkh,Ewnumf,7.475339236566737,99.0
2017-04-09T15:21:34.477556,Tqhsbr,Qhpcnm,246,146.0
2017-04-09T15:21:34.478085,Exunqu,Nedyzf,64.70805020110221,114.0
2017-04-09T15:22:15.722671,Ziolds,Txgmee,55,63.0
2017-04-09T15:22:15.723334,Cpgrqe,Mevaji,2.3438284745605224e+16,41.0
2017-04-09T15:22:15.724198,Rxcfqw,Savtrs,65,60.0
2017-04-09T15:22:15.724896,Qzfdrv,Ssgpwf,8.60813018640834,33.0
2017-04-09T15:22:15.725629,Szkuej,Felvzv,407.4287934927351,91.0
2017-04-09T15:22:15.726260,Dgdovq,Bjttrz,4,64.0
2017-04-09T15:22:15.727255,Fqffbf,Azvgtu,102.82864139648909,60.0
2017-04-09T15:22:15.728288,Jupzam,Esrfua,8.979225638348691e+38,151.0
2017-04-09T15:22:15.729042,Pdrgnm,Wluzzc,105,87.0
2017-04-09T15:22:15.729692,Eezvgm,Brrvow,0,87.0
2017-04-09T15:22:15.730483,Nofwgt,Kpwtag,95,151.0
2017-04-09T15:22:15.731475,Idvbhc,Clwwje,9.496119420602448e+19,47.0
2017-04-09T15:22:15.732219,Mgjqsl,Odzpir,208,114.0
2017-04-09T15:22:15.733094,Inoyor,Mjddxg,296,117.0
2017-04-09T15:22:15.734011,Fdvogh,Xrxidf,3584912848.131592,152.0
2017-04-09T15:22:15.734786,Hnvyjc,Jmuptd,2.3438284745605224e+16,76.0
2017-04-09T15:22:15.735518,Rvaosw,Mfzdjx,109,200.0
2017-04-09T15:22:15.736235,Mvyibu,Wvaoek,138,69.0
2017-04-09T15:22:15.736937,Qndupv,Mkdxbi,5.1298987149230735,56.0
2017-04-09T15:22:15.737654,Ghntak,Vtmiju,404.4287934927351,23.0
2017-04-09T15:22:44.600163,Ziolds,Txgmee,55,63.0
2017-04-09T15:22:44.600850,Cpgrqe,Mevaji,2.3438284745605224e+16,41.0
2017-04-09T15:22:44.601734,Rxcfqw,Savtrs,65,60.0
2017-04-09T15:22:44.602461,Qzfdrv,Ssgpwf,8.60813018640834,33.0
2017-04-09T15:22:44.603219,Szkuej,Felvzv,407.4287934927351,91.0
2017-04-09T15:22:44.604076,Dgdovq,Bjttrz,4,64.0
2017-04-09T15:22:44.605103,Fqffbf,Azvgtu,102.82864139648909,60.0
2017-04-09T15:22:44.606044,Jupzam,Esrfua,8.979225638348691e+38,151.0
2017-04-09T15:22:44.606957,Pdrgnm,Wluzzc,105,87.0
2017-04-09T15:22:44.607593,Eezvgm,Brrvow,0,87.0
2017-04-09T15:22:44.608372,Nofwgt,Kpwtag,95,151.0
2017-04-09T15:22:44.609437,Idvbhc,Clwwje,9.496119420602448e+19,47.0
2017-04-09T15:22:44.610214,Mgjqsl,Odzpir,208,114.0
2017-04-09T15:22:44.611059,Inoyor,Mjddxg,296,117.0
2017-04-09T15:22:44.612021,Fdvogh,Xrxidf,3584912848.131592,152.0
2017-04-09T15:22:44.612722,Hnvyjc,Jmuptd,2.3438284745605224e+16,76.0
2017-04-09T15:22:44.613480,Rvaosw,Mfzdjx,109,200.0
2017-04-09T15:22:44.614210,Mvyibu,Wvaoek,138,69.0
2017-04-09T15:22:44.614909,Qndupv,Mkdxbi,5.1298987149230735,56.0
2017-04-09T15:22:44.615604,Ghntak,Vtmiju,404.4287934927351,23.0
2017-04-09T16:08:12.361480,Ziolds,Txgmee,55,63.0
2017-04-09T16:08:12.362213,Cpgrqe,Mevaji,2.3438284745605224e+16,41.0
2017-04-09T16:08:12.363158,Rxcfqw,Savtrs,65,60.0
2017-04-09T16:08:12.363862,Qzfdrv,Ssgpwf,8.60813018640834,33.0
2017-04-09T16:08:12.364586,Szkuej,Felvzv,407.4287934927351,91.0
2017-04-09T16:08:12.365574,Dgdovq,Bjttrz,4,64.0
2017-04-09T16:08:12.366889,Fqffbf,Azvgtu,102.82864139648909,60.0
2017-04-09T16:08:12.373692,Jupzam,Esrfua,8.979225638348691e+38,151.0
2017-04-09T16:08:12.374525,Pdrgnm,Wluzzc,105,87.0
2017-04-09T16:08:12.375151,Eezvgm,Brrvow,0,87.0
2017-04-09T16:08:12.375970,Nofwgt,Kpwtag,95,151.0
2017-04-09T16:08:12.377065,Idvbhc,Clwwje,9.496119420602448e+19,47.0
2017-04-09T16:08:12.378032,Mgjqsl,Odzpir,208,114.0
2017-04-09T16:08:12.378981,Inoyor,Mjddxg,296,117.0
2017-04-09T16:08:12.379902,Fdvogh,Xrxidf,3584912848.131592,152.0
2017-04-09T16:08:12.380632,Hnvyjc,Jmuptd,2.3438284745605224e+16,76.0
2017-04-09T16:08:12.381447,Rvaosw,Mfzdjx,109,200.0
2017-04-09T16:08:12.382387,Mvyibu,Wvaoek,138,69.0
2017-04-09T16:08:12.383208,Qndupv,Mkdxbi,5.1298987149230735,56.0
2017-04-09T16:08:12.383885,Ghntak,Vtmiju,404.4287934927351,23.0
2017-04-09T16:09:57.472356,Ziolds,Txgmee,55,63.0
2017-04-09T16:10:38.951651,Ziolds,Txgmee,55,63.0
2017-04-09T16:10:38.952294,Cpgrqe,Mevaji,2.3438284745605224e+16,41.0
2017-04-09T16:10:38.953133,Rxcfqw,Savtrs,65,60.0
2017-04-09T16:10:38.953826,Qzfdrv,Ssgpwf,8.60813018640834,33.0
2017-04-09T16:10:38.954502,Szkuej,Felvzv,407.4287934927351,91.0
2017-04-09T16:10:38.955129,Dgdovq,Bjttrz,4,64.0
2017-04-09T16:10:38.956102,Fqffbf,Azvgtu,102.82864139648909,60.0
2017-04-09T16:10:38.956930,Jupzam,Esrfua,8.979225638348691e+38,151.0
2017-04-09T16:10:38.957691,Pdrgnm,Wluzzc,105,87.0
2017-04-09T16:10:38.958291,Eezvgm,Brrvow,0,87.0
2017-04-09T16:10:38.959035,Nofwgt,Kpwtag,95,151.0
2017-04-09T16:10:38.959998,Idvbhc,Clwwje,9.496119420602448e+19,47.0
2017-04-09T16:10:38.960720,Mgjqsl,Odzpir,208,114.0
2017-04-09T16:10:38.961554,Inoyor,Mjddxg,296,117.0
2017-04-09T16:10:38.962380,Fdvogh,Xrxidf,3584912848.131592,152.0
2017-04-09T16:10:38.963081,Hnvyjc,Jmuptd,2.3438284745605224e+16,76.0
2017-04-09T16:10:38.963782,Rvaosw,Mfzdjx,109,200.0
2017-04-09T16:10:38.964465,Mvyibu,Wvaoek,138,69.0
2017-04-09T16:10:38.965140,Qndupv,Mkdxbi,5.1298987149230735,56.0
2017-04-09T16:10:38.965846,Ghntak,Vtmiju,404.4287934927351,23.0
>>>>>>>>>>>>>>>>>>>>>>>>>>>
2017-04-09T16:28:09.017385,Kfllee,Ogjkii,85.52636052461617,156.0
2017-04-09T16:28:09.018574,Yoanto,Exidjy,8.438356668741454e+26,116.0
2017-04-09T16:28:09.019668,Ggvqhz,Edznwc,189,112.0
2017-04-09T16:28:09.020425,Dxbqjw,Efitil,442416.3920089205,101.0
2017-04-09T16:28:09.021342,Ygredq,Cunmws,3584912857.131592,38.0
2017-04-09T16:28:09.022279,Scdvgf,Xqrfab,583461742527486.9,88.0
2017-04-09T16:28:09.023118,Pjqzoa,Yipguv,14.091042453358316,105.0
2017-04-09T16:28:09.023911,Habxxx,Sivseu,6.734591659972948,73.0
2017-04-09T16:28:09.024906,Cyggkx,Kxrvea,167,17.0
2017-04-09T16:28:09.025769,Whegcj,Bbkebr,46,29.0
2017-04-09T16:28:09.026945,Esjdim,Fmkgfl,67.09104245335831,100.0
2017-04-09T16:28:09.028189,Jbmvrn,Ydzrcm,136,33.0
2017-04-09T16:28:09.029017,Ozezhk,Yvzzll,3584912942.131592,60.0
2017-04-09T16:28:09.029653,Nhfgtb,Uejptx,51,50.0
2017-04-09T16:28:09.030740,Azljwl,Oagowa,8.438356668741454e+26,144.0
2017-04-09T16:28:09.031565,Iqtarl,Yqkyzy,3584912938.131592,62.0
2017-04-09T16:28:09.032239,Jdbsjy,Euljse,36,29.0
2017-04-09T16:28:09.033026,Wvfyjp,Eufnum,442431.3920089205,60.0
2017-04-09T16:28:09.034079,Ymbfqr,Zjmwjl,3.0121946291700612e+35,88.0
2017-04-09T16:28:09.035127,Ujqrvn,Aojbiv,340,107.0
2017-04-09T16:28:09.035919,Odhtjr,Komkhs,6.931471805599453,50.0
2017-04-09T16:28:09.037068,Ymepda,Vyqawp,195,151.0
2017-04-09T16:28:09.038402,Nnlmlo,Gibpck,403.4287934927351,70.0
2017-04-09T16:28:09.040336,Ywmsvg,Ugifmn,411.4287934927351,58.0
2017-04-09T16:28:09.041266,Bxqraa,Pcgkug,442454.3920089205,55.0
2017-04-09T16:28:09.042191,Azgfeg,Xendfr,3584912923.131592,178.0
>>>>>>>>>
2017-04-09T16:32:25.185973,Kfllee,Ogjkii,85.52636052461617,156.0
2017-04-09T16:32:25.187069,Yoanto,Exidjy,8.438356668741454e+26,116.0
2017-04-09T16:32:25.188135,Ggvqhz,Edznwc,189,112.0
2017-04-09T16:32:25.188883,Dxbqjw,Efitil,442416.3920089205,101.0
2017-04-09T16:32:25.189780,Ygredq,Cunmws,3584912857.131592,38.0
2017-04-09T16:32:25.190686,Scdvgf,Xqrfab,583461742527486.9,88.0
2017-04-09T16:32:25.191497,Pjqzoa,Yipguv,14.091042453358316,105.0
2017-04-09T16:32:25.192240,Habxxx,Sivseu,6.734591659972948,73.0
2017-04-09T16:32:25.193147,Cyggkx,Kxrvea,167,17.0
2017-04-09T16:32:25.193950,Whegcj,Bbkebr,46,29.0
2017-04-09T16:32:25.194764,Esjdim,Fmkgfl,67.09104245335831,100.0
2017-04-09T16:32:25.195672,Jbmvrn,Ydzrcm,136,33.0
2017-04-09T16:32:25.196515,Ozezhk,Yvzzll,3584912942.131592,60.0
2017-04-09T16:32:25.197086,Nhfgtb,Uejptx,51,50.0
2017-04-09T16:32:25.198118,Azljwl,Oagowa,8.438356668741454e+26,144.0
2017-04-09T16:32:25.198917,Iqtarl,Yqkyzy,3584912938.131592,62.0
2017-04-09T16:32:25.199564,Jdbsjy,Euljse,36,29.0
2017-04-09T16:32:25.200315,Wvfyjp,Eufnum,442431.3920089205,60.0
2017-04-09T16:32:25.201276,Ymbfqr,Zjmwjl,3.0121946291700612e+35,88.0
2017-04-09T16:32:25.202314,Ujqrvn,Aojbiv,340,107.0
2017-04-09T16:32:25.203071,Odhtjr,Komkhs,6.931471805599453,50.0
2017-04-09T16:32:25.204405,Ymepda,Vyqawp,195,151.0
2017-04-09T16:32:25.205551,Nnlmlo,Gibpck,403.4287934927351,70.0
2017-04-09T16:32:25.207131,Ywmsvg,Ugifmn,411.4287934927351,58.0
2017-04-09T16:32:25.207863,Bxqraa,Pcgkug,442454.3920089205,55.0
2017-04-09T16:32:25.208680,Azgfeg,Xendfr,3584912923.131592,178.0
>>>>>>>>>2017-04-09T17:09:02.438886,Kfllee,Ogjkii,85.52636052461617,156.0
2017-04-09T17:09:02.440005,Yoanto,Exidjy,8.438356668741454e+26,116.0
2017-04-09T17:09:02.441132,Ggvqhz,Edznwc,189,112.0
2017-04-09T17:09:02.441971,Dxbqjw,Efitil,442416.3920089205,101.0
2017-04-09T17:09:02.442850,Ygredq,Cunmws,3584912857.131592,38.0
2017-04-09T17:09:02.443816,Scdvgf,Xqrfab,583461742527486.9,88.0
2017-04-09T17:09:02.444690,Pjqzoa,Yipguv,14.091042453358316,105.0
2017-04-09T17:09:02.445521,Habxxx,Sivseu,6.734591659972948,73.0
2017-04-09T17:09:02.446539,Cyggkx,Kxrvea,167,17.0
2017-04-09T17:09:02.447380,Whegcj,Bbkebr,46,29.0
2017-04-09T17:09:02.448264,Esjdim,Fmkgfl,67.09104245335831,100.0
2017-04-09T17:09:02.449573,Jbmvrn,Ydzrcm,136,33.0
2017-04-09T17:09:02.450825,Ozezhk,Yvzzll,3584912942.131592,60.0
2017-04-09T17:09:02.451626,Nhfgtb,Uejptx,51,50.0
2017-04-09T17:09:02.453336,Azljwl,Oagowa,8.438356668741454e+26,144.0
2017-04-09T17:09:02.454388,Iqtarl,Yqkyzy,3584912938.131592,62.0
2017-04-09T17:09:02.455119,Jdbsjy,Euljse,36,29.0
2017-04-09T17:09:02.455940,Wvfyjp,Eufnum,442431.3920089205,60.0
2017-04-09T17:09:02.456965,Ymbfqr,Zjmwjl,3.0121946291700612e+35,88.0
2017-04-09T17:09:02.458051,Ujqrvn,Aojbiv,340,107.0
2017-04-09T17:09:02.458877,Odhtjr,Komkhs,6.931471805599453,50.0
2017-04-09T17:09:02.460210,Ymepda,Vyqawp,195,151.0
2017-04-09T17:09:02.461488,Nnlmlo,Gibpck,403.4287934927351,70.0
2017-04-09T17:09:02.463324,Ywmsvg,Ugifmn,411.4287934927351,58.0
2017-04-09T17:09:02.464697,Bxqraa,Pcgkug,442454.3920089205,55.0
2017-04-09T17:09:02.465581,Azgfeg,Xendfr,3584912923.131592,178.0
2017-04-09T17:12:02.767717,Kfllee,Ogjkii,85.52636052461617,156.0
2017-04-09T17:12:02.769890,Yoanto,Exidjy,8.438356668741454e+26,116.0
2017-04-09T17:12:02.771457,Ggvqhz,Edznwc,189,112.0
2017-04-09T17:12:02.772771,Dxbqjw,Efitil,442416.3920089205,101.0
2017-04-09T17:12:02.774166,Ygredq,Cunmws,3584912857.131592,38.0
2017-04-09T17:12:02.775596,Scdvgf,Xqrfab,583461742527486.9,88.0
2017-04-09T17:12:02.776938,Pjqzoa,Yipguv,14.091042453358316,105.0
2017-04-09T17:12:02.778227,Habxxx,Sivseu,6.734591659972948,73.0
2017-04-09T17:12:02.779665,Cyggkx,Kxrvea,167,17.0
2017-04-09T17:12:02.780949,Whegcj,Bbkebr,46,29.0
2017-04-09T17:12:02.782369,Esjdim,Fmkgfl,67.09104245335831,100.0
2017-04-09T17:12:02.783813,Jbmvrn,Ydzrcm,136,33.0
2017-04-09T17:12:02.785135,Ozezhk,Yvzzll,3584912942.131592,60.0
2017-04-09T17:12:02.786267,Nhfgtb,Uejptx,51,50.0
2017-04-09T17:12:02.787818,Azljwl,Oagowa,8.438356668741454e+26,144.0
2017-04-09T17:12:02.789146,Iqtarl,Yqkyzy,3584912938.131592,62.0
2017-04-09T17:12:02.790300,Jdbsjy,Euljse,36,29.0
2017-04-09T17:12:02.791598,Wvfyjp,Eufnum,442431.3920089205,60.0
2017-04-09T17:12:02.793084,Ymbfqr,Zjmwjl,3.0121946291700612e+35,88.0
2017-04-09T17:12:02.794629,Ujqrvn,Aojbiv,340,107.0
2017-04-09T17:12:02.795909,Odhtjr,Komkhs,6.931471805599453,50.0
2017-04-09T17:12:02.797721,Ymepda,Vyqawp,195,151.0
2017-04-09T17:12:02.799949,Nnlmlo,Gibpck,403.4287934927351,70.0
2017-04-09T17:12:02.803441,Ywmsvg,Ugifmn,411.4287934927351,58.0
2017-04-09T17:12:02.804723,Bxqraa,Pcgkug,442454.3920089205,55.0
2017-04-09T17:12:02.806076,Azgfeg,Xendfr,3584912923.131592,178.0
2017-04-09T17:13:26.274339,Kfllee,Ogjkii,85.52636052461617,156.0
2017-04-09T17:13:26.276009,Yoanto,Exidjy,8.438356668741454e+26,116.0
2017-04-09T17:13:26.277807,Ggvqhz,Edznwc,189,112.0
2017-04-09T17:13:26.279412,Dxbqjw,Efitil,442416.3920089205,101.0
2017-04-09T17:13:26.280820,Ygredq,Cunmws,3584912857.131592,38.0
2017-04-09T17:13:26.282385,Scdvgf,Xqrfab,583461742527486.9,88.0
2017-04-09T17:13:26.283754,Pjqzoa,Yipguv,14.091042453358316,105.0
2017-04-09T17:13:26.285019,Habxxx,Sivseu,6.734591659972948,73.0
2017-04-09T17:13:26.286527,Cyggkx,Kxrvea,167,17.0
2017-04-09T17:13:26.287868,Whegcj,Bbkebr,46,29.0
2017-04-09T17:13:26.289223,Esjdim,Fmkgfl,67.09104245335831,100.0
2017-04-09T17:13:26.291686,Jbmvrn,Ydzrcm,136,33.0
2017-04-09T17:13:26.293108,Ozezhk,Yvzzll,3584912942.131592,60.0
2017-04-09T17:13:26.294214,Nhfgtb,Uejptx,51,50.0
2017-04-09T17:13:26.295862,Azljwl,Oagowa,8.438356668741454e+26,144.0
2017-04-09T17:13:26.297219,Iqtarl,Yqkyzy,3584912938.131592,62.0
2017-04-09T17:13:26.298406,Jdbsjy,Euljse,36,29.0
2017-04-09T17:13:26.299688,Wvfyjp,Eufnum,442431.3920089205,60.0
2017-04-09T17:13:26.301272,Ymbfqr,Zjmwjl,3.0121946291700612e+35,88.0
2017-04-09T17:13:26.302906,Ujqrvn,Aojbiv,340,107.0
2017-04-09T17:13:26.304192,Odhtjr,Komkhs,6.931471805599453,50.0
2017-04-09T17:13:26.306156,Ymepda,Vyqawp,195,151.0
2017-04-09T17:13:26.308206,Nnlmlo,Gibpck,403.4287934927351,70.0
2017-04-09T17:13:26.311190,Ywmsvg,Ugifmn,411.4287934927351,58.0
2017-04-09T17:13:26.313174,Bxqraa,Pcgkug,442454.3920089205,55.0
2017-04-09T17:13:26.314543,Azgfeg,Xendfr,3584912923.131592,178.0
2017-04-09T17:15:41.895539,Kfllee,Ogjkii,85.52636052461617,156.0
2017-04-09T17:15:41.897194,Yoanto,Exidjy,8.438356668741454e+26,116.0
2017-04-09T17:15:41.899273,Ggvqhz,Edznwc,189,112.0
2017-04-09T17:15:41.900667,Dxbqjw,Efitil,442416.3920089205,101.0
2017-04-09T17:15:41.902484,Ygredq,Cunmws,3584912857.131592,38.0
2017-04-09T17:15:41.903917,Scdvgf,Xqrfab,583461742527486.9,88.0
2017-04-09T17:15:41.905200,Pjqzoa,Yipguv,14.091042453358316,105.0
2017-04-09T17:15:41.906444,Habxxx,Sivseu,6.734591659972948,73.0
2017-04-09T17:15:41.907842,Cyggkx,Kxrvea,167,17.0
2017-04-09T17:15:41.909041,Whegcj,Bbkebr,46,29.0
2017-04-09T17:15:41.910323,Esjdim,Fmkgfl,67.09104245335831,100.0
2017-04-09T17:15:41.911668,Jbmvrn,Ydzrcm,136,33.0
2017-04-09T17:15:41.912902,Ozezhk,Yvzzll,3584912942.131592,60.0
2017-04-09T17:15:41.913944,Nhfgtb,Uejptx,51,50.0
2017-04-09T17:15:41.915402,Azljwl,Oagowa,8.438356668741454e+26,144.0
2017-04-09T17:15:41.916680,Iqtarl,Yqkyzy,3584912938.131592,62.0
2017-04-09T17:15:41.917809,Jdbsjy,Euljse,36,29.0
2017-04-09T17:15:41.918998,Wvfyjp,Eufnum,442431.3920089205,60.0
2017-04-09T17:15:41.920395,Ymbfqr,Zjmwjl,3.0121946291700612e+35,88.0
2017-04-09T17:15:41.921863,Ujqrvn,Aojbiv,340,107.0
2017-04-09T17:15:41.923054,Odhtjr,Komkhs,6.931471805599453,50.0
2017-04-09T17:15:41.924781,Ymepda,Vyqawp,195,151.0
2017-04-09T17:15:41.926773,Nnlmlo,Gibpck,403.4287934927351,70.0
2017-04-09T17:15:41.929652,Ywmsvg,Ugifmn,411.4287934927351,58.0
2017-04-09T17:15:41.930792,Bxqraa,Pcgkug,442454.3920089205,55.0
2017-04-09T17:15:41.932010,Azgfeg,Xendfr,3584912923.131592,178.0
2017-04-09T17:16:07.904455,Kfllee,Ogjkii,85.52636052461617,156.0
2017-04-09T17:16:07.906573,Yoanto,Exidjy,8.438356668741454e+26,116.0
2017-04-09T17:16:07.908252,Ggvqhz,Edznwc,189,112.0
2017-04-09T17:16:07.909506,Dxbqjw,Efitil,442416.3920089205,101.0
2017-04-09T17:16:07.910778,Ygredq,Cunmws,3584912857.131592,38.0
2017-04-09T17:16:07.912270,Scdvgf,Xqrfab,583461742527486.9,88.0
2017-04-09T17:16:07.913898,Pjqzoa,Yipguv,14.091042453358316,105.0
2017-04-09T17:16:07.915585,Habxxx,Sivseu,6.734591659972948,73.0
2017-04-09T17:16:07.917457,Cyggkx,Kxrvea,167,17.0
2017-04-09T17:16:07.919131,Whegcj,Bbkebr,46,29.0
2017-04-09T17:16:07.920879,Esjdim,Fmkgfl,67.09104245335831,100.0
2017-04-09T17:16:07.922746,Jbmvrn,Ydzrcm,136,33.0
2017-04-09T17:16:07.924475,Ozezhk,Yvzzll,3584912942.131592,60.0
2017-04-09T17:16:07.926004,Nhfgtb,Uejptx,51,50.0
2017-04-09T17:16:07.927951,Azljwl,Oagowa,8.438356668741454e+26,144.0
2017-04-09T17:16:07.929709,Iqtarl,Yqkyzy,3584912938.131592,62.0
2017-04-09T17:16:07.931301,Jdbsjy,Euljse,36,29.0
2017-04-09T17:16:07.933015,Wvfyjp,Eufnum,442431.3920089205,60.0
2017-04-09T17:16:07.934484,Ymbfqr,Zjmwjl,3.0121946291700612e+35,88.0
2017-04-09T17:16:07.935933,Ujqrvn,Aojbiv,340,107.0
2017-04-09T17:16:07.937144,Odhtjr,Komkhs,6.931471805599453,50.0
2017-04-09T17:16:07.938853,Ymepda,Vyqawp,195,151.0
2017-04-09T17:16:07.941450,Nnlmlo,Gibpck,403.4287934927351,70.0
2017-04-09T17:16:07.944331,Ywmsvg,Ugifmn,411.4287934927351,58.0
2017-04-09T17:16:07.945583,Bxqraa,Pcgkug,442454.3920089205,55.0
2017-04-09T17:16:07.947177,Azgfeg,Xendfr,3584912923.131592,178.0
........................................
2017-04-09T17:16:50.962469,Kfllee,Ogjkii,85.52636052461617,156.0
2017-04-09T17:16:50.963971,Yoanto,Exidjy,8.438356668741454e+26,116.0
2017-04-09T17:16:50.965525,Ggvqhz,Edznwc,189,112.0
2017-04-09T17:16:50.966748,Dxbqjw,Efitil,442416.3920089205,101.0
2017-04-09T17:16:50.968034,Ygredq,Cunmws,3584912857.131592,38.0
2017-04-09T17:16:50.969596,Scdvgf,Xqrfab,583461742527486.9,88.0
2017-04-09T17:16:50.971225,Pjqzoa,Yipguv,14.091042453358316,105.0
2017-04-09T17:16:50.972949,Habxxx,Sivseu,6.734591659972948,73.0
2017-04-09T17:16:50.974809,Cyggkx,Kxrvea,167,17.0
2017-04-09T17:16:50.976032,Whegcj,Bbkebr,46,29.0
2017-04-09T17:16:50.977351,Esjdim,Fmkgfl,67.09104245335831,100.0
2017-04-09T17:16:50.978713,Jbmvrn,Ydzrcm,136,33.0
2017-04-09T17:16:50.980057,Ozezhk,Yvzzll,3584912942.131592,60.0
2017-04-09T17:16:50.981075,Nhfgtb,Uejptx,51,50.0
2017-04-09T17:16:50.982558,Azljwl,Oagowa,8.438356668741454e+26,144.0
2017-04-09T17:16:50.983839,Iqtarl,Yqkyzy,3584912938.131592,62.0
2017-04-09T17:16:50.984941,Jdbsjy,Euljse,36,29.0
2017-04-09T17:16:50.986156,Wvfyjp,Eufnum,442431.3920089205,60.0
2017-04-09T17:16:50.987570,Ymbfqr,Zjmwjl,3.0121946291700612e+35,88.0
2017-04-09T17:16:50.989047,Ujqrvn,Aojbiv,340,107.0
2017-04-09T17:16:50.990327,Odhtjr,Komkhs,6.931471805599453,50.0
2017-04-09T17:16:50.991916,Ymepda,Vyqawp,195,151.0
2017-04-09T17:16:50.993969,Nnlmlo,Gibpck,403.4287934927351,70.0
2017-04-09T17:16:50.996866,Ywmsvg,Ugifmn,411.4287934927351,58.0
2017-04-09T17:16:50.998036,Bxqraa,Pcgkug,442454.3920089205,55.0
2017-04-09T17:16:50.999259,Azgfeg,Xendfr,3584912923.131592,178.0
2017-04-09T17:17:12.437763,Kfllee,Ogjkii,85.52636052461617,156.0
2017-04-09T17:17:12.439064,Yoanto,Exidjy,8.438356668741454e+26,116.0
2017-04-09T17:17:12.440308,Ggvqhz,Edznwc,189,112.0
2017-04-09T17:17:12.441248,Dxbqjw,Efitil,442416.3920089205,101.0
2017-04-09T17:17:12.442370,Ygredq,Cunmws,3584912857.131592,38.0
2017-04-09T17:17:12.443486,Scdvgf,Xqrfab,583461742527486.9,88.0
2017-04-09T17:17:12.444505,Pjqzoa,Yipguv,14.091042453358316,105.0
2017-04-09T17:17:12.445498,Habxxx,Sivseu,6.734591659972948,73.0
2017-04-09T17:17:12.446933,Cyggkx,Kxrvea,167,17.0
2017-04-09T17:17:12.447904,Whegcj,Bbkebr,46,29.0
2017-04-09T17:17:12.448941,Esjdim,Fmkgfl,67.09104245335831,100.0
2017-04-09T17:17:12.450095,Jbmvrn,Ydzrcm,136,33.0
2017-04-09T17:17:12.451093,Ozezhk,Yvzzll,3584912942.131592,60.0
2017-04-09T17:17:12.451864,Nhfgtb,Uejptx,51,50.0
2017-04-09T17:17:12.453137,Azljwl,Oagowa,8.438356668741454e+26,144.0
2017-04-09T17:17:12.454167,Iqtarl,Yqkyzy,3584912938.131592,62.0
2017-04-09T17:17:12.455019,Jdbsjy,Euljse,36,29.0
2017-04-09T17:17:12.456240,Wvfyjp,Eufnum,442431.3920089205,60.0
2017-04-09T17:17:12.457461,Ymbfqr,Zjmwjl,3.0121946291700612e+35,88.0
2017-04-09T17:17:12.458688,Ujqrvn,Aojbiv,340,107.0
2017-04-09T17:17:12.459662,Odhtjr,Komkhs,6.931471805599453,50.0
2017-04-09T17:17:12.460994,Ymepda,Vyqawp,195,151.0
2017-04-09T17:17:12.462522,Nnlmlo,Gibpck,403.4287934927351,70.0
2017-04-09T17:17:12.464930,Ywmsvg,Ugifmn,411.4287934927351,58.0
2017-04-09T17:17:12.465863,Bxqraa,Pcgkug,442454.3920089205,55.0
2017-04-09T17:17:12.466834,Azgfeg,Xendfr,3584912923.131592,178.0
2017-04-09T17:17:14.919397,Kfllee,Ogjkii,85.52636052461617,156.0
2017-04-09T17:17:14.920647,Yoanto,Exidjy,8.438356668741454e+26,116.0
2017-04-09T17:17:14.921902,Ggvqhz,Edznwc,189,112.0
2017-04-09T17:17:14.922893,Dxbqjw,Efitil,442416.3920089205,101.0
2017-04-09T17:17:14.923899,Ygredq,Cunmws,3584912857.131592,38.0
2017-04-09T17:17:14.924991,Scdvgf,Xqrfab,583461742527486.9,88.0
2017-04-09T17:17:14.926007,Pjqzoa,Yipguv,14.091042453358316,105.0
2017-04-09T17:17:14.926943,Habxxx,Sivseu,6.734591659972948,73.0
2017-04-09T17:17:14.928345,Cyggkx,Kxrvea,167,17.0
2017-04-09T17:17:14.929309,Whegcj,Bbkebr,46,29.0
2017-04-09T17:17:14.930312,Esjdim,Fmkgfl,67.09104245335831,100.0
2017-04-09T17:17:14.931394,Jbmvrn,Ydzrcm,136,33.0
2017-04-09T17:17:14.932362,Ozezhk,Yvzzll,3584912942.131592,60.0
2017-04-09T17:17:14.933139,Nhfgtb,Uejptx,51,50.0
2017-04-09T17:17:14.934342,Azljwl,Oagowa,8.438356668741454e+26,144.0
2017-04-09T17:17:14.935314,Iqtarl,Yqkyzy,3584912938.131592,62.0
2017-04-09T17:17:14.936141,Jdbsjy,Euljse,36,29.0
2017-04-09T17:17:14.937373,Wvfyjp,Eufnum,442431.3920089205,60.0
2017-04-09T17:17:14.938524,Ymbfqr,Zjmwjl,3.0121946291700612e+35,88.0
2017-04-09T17:17:14.939700,Ujqrvn,Aojbiv,340,107.0
2017-04-09T17:17:14.940640,Odhtjr,Komkhs,6.931471805599453,50.0
2017-04-09T17:17:14.941960,Ymepda,Vyqawp,195,151.0
2017-04-09T17:17:14.943419,Nnlmlo,Gibpck,403.4287934927351,70.0
2017-04-09T17:17:14.945772,Ywmsvg,Ugifmn,411.4287934927351,58.0
2017-04-09T17:17:14.946660,Bxqraa,Pcgkug,442454.3920089205,55.0
2017-04-09T17:17:14.947625,Azgfeg,Xendfr,3584912923.131592,178.0
2017-04-09T17:17:39.167137,Kfllee,Ogjkii,85.52636052461617,156.0
2017-04-09T17:17:39.168542,Yoanto,Exidjy,8.438356668741454e+26,116.0
2017-04-09T17:17:39.170010,Ggvqhz,Edznwc,189,112.0
2017-04-09T17:17:39.171015,Dxbqjw,Efitil,442416.3920089205,101.0
2017-04-09T17:17:39.172128,Ygredq,Cunmws,3584912857.131592,38.0
2017-04-09T17:17:39.173373,Scdvgf,Xqrfab,583461742527486.9,88.0
2017-04-09T17:17:39.174478,Pjqzoa,Yipguv,14.091042453358316,105.0
2017-04-09T17:17:39.175494,Habxxx,Sivseu,6.734591659972948,73.0
2017-04-09T17:17:39.176994,Cyggkx,Kxrvea,167,17.0
2017-04-09T17:17:39.178029,Whegcj,Bbkebr,46,29.0
2017-04-09T17:17:39.179132,Esjdim,Fmkgfl,67.09104245335831,100.0
2017-04-09T17:17:39.180350,Jbmvrn,Ydzrcm,136,33.0
2017-04-09T17:17:39.181458,Ozezhk,Yvzzll,3584912942.131592,60.0
2017-04-09T17:17:39.182244,Nhfgtb,Uejptx,51,50.0
2017-04-09T17:17:39.183619,Azljwl,Oagowa,8.438356668741454e+26,144.0
2017-04-09T17:17:39.184725,Iqtarl,Yqkyzy,3584912938.131592,62.0
2017-04-09T17:17:39.185629,Jdbsjy,Euljse,36,29.0
2017-04-09T17:17:39.186887,Wvfyjp,Eufnum,442431.3920089205,60.0
2017-04-09T17:17:39.188187,Ymbfqr,Zjmwjl,3.0121946291700612e+35,88.0
2017-04-09T17:17:39.189572,Ujqrvn,Aojbiv,340,107.0
2017-04-09T17:17:39.190722,Odhtjr,Komkhs,6.931471805599453,50.0
2017-04-09T17:17:39.192226,Ymepda,Vyqawp,195,151.0
2017-04-09T17:17:39.193765,Nnlmlo,Gibpck,403.4287934927351,70.0
2017-04-09T17:17:39.196139,Ywmsvg,Ugifmn,411.4287934927351,58.0
2017-04-09T17:17:39.197115,Bxqraa,Pcgkug,442454.3920089205,55.0
2017-04-09T17:17:39.198202,Azgfeg,Xendfr,3584912923.131592,178.0
2017-04-09T17:17:42.364687,Kfllee,Ogjkii,85.52636052461617,156.0
2017-04-09T17:17:42.366427,Yoanto,Exidjy,8.438356668741454e+26,116.0
2017-04-09T17:17:42.368111,Ggvqhz,Edznwc,189,112.0
2017-04-09T17:17:42.369393,Dxbqjw,Efitil,442416.3920089205,101.0
2017-04-09T17:17:42.370814,Ygredq,Cunmws,3584912857.131592,38.0
2017-04-09T17:17:42.372525,Scdvgf,Xqrfab,583461742527486.9,88.0
2017-04-09T17:17:42.373950,Pjqzoa,Yipguv,14.091042453358316,105.0
2017-04-09T17:17:42.375327,Habxxx,Sivseu,6.734591659972948,73.0
2017-04-09T17:17:42.376832,Cyggkx,Kxrvea,167,17.0
2017-04-09T17:17:42.378170,Whegcj,Bbkebr,46,29.0
2017-04-09T17:17:42.379554,Esjdim,Fmkgfl,67.09104245335831,100.0
2017-04-09T17:17:42.381045,Jbmvrn,Ydzrcm,136,33.0
2017-04-09T17:17:42.382409,Ozezhk,Yvzzll,3584912942.131592,60.0
2017-04-09T17:17:42.383467,Nhfgtb,Uejptx,51,50.0
2017-04-09T17:17:42.385244,Azljwl,Oagowa,8.438356668741454e+26,144.0
2017-04-09T17:17:42.386633,Iqtarl,Yqkyzy,3584912938.131592,62.0
2017-04-09T17:17:42.387783,Jdbsjy,Euljse,36,29.0
2017-04-09T17:17:42.389068,Wvfyjp,Eufnum,442431.3920089205,60.0
2017-04-09T17:17:42.390679,Ymbfqr,Zjmwjl,3.0121946291700612e+35,88.0
2017-04-09T17:17:42.392299,Ujqrvn,Aojbiv,340,107.0
2017-04-09T17:17:42.393653,Odhtjr,Komkhs,6.931471805599453,50.0
2017-04-09T17:17:42.395416,Ymepda,Vyqawp,195,151.0
2017-04-09T17:17:42.397580,Nnlmlo,Gibpck,403.4287934927351,70.0
2017-04-09T17:17:42.400526,Ywmsvg,Ugifmn,411.4287934927351,58.0
2017-04-09T17:17:42.401789,Bxqraa,Pcgkug,442454.3920089205,55.0
2017-04-09T17:17:42.403144,Azgfeg,Xendfr,3584912923.131592,178.0
2017-04-09T17:20:45.354593,Kfllee,Ogjkii,85.52636052461617,156.0
2017-04-09T17:20:45.356524,Yoanto,Exidjy,8.438356668741454e+26,116.0
2017-04-09T17:20:45.358478,Ggvqhz,Edznwc,189,112.0
2017-04-09T17:20:45.359952,Dxbqjw,Efitil,442416.3920089205,101.0
2017-04-09T17:20:45.361571,Ygredq,Cunmws,3584912857.131592,38.0
2017-04-09T17:20:45.363288,Scdvgf,Xqrfab,583461742527486.9,88.0
2017-04-09T17:20:45.365135,Pjqzoa,Yipguv,14.091042453358316,105.0
2017-04-09T17:20:45.366666,Habxxx,Sivseu,6.734591659972948,73.0
2017-04-09T17:20:45.368329,Cyggkx,Kxrvea,167,17.0
2017-04-09T17:20:45.369802,Whegcj,Bbkebr,46,29.0
2017-04-09T17:20:45.371285,Esjdim,Fmkgfl,67.09104245335831,100.0
2017-04-09T17:20:45.372879,Jbmvrn,Ydzrcm,136,33.0
2017-04-09T17:20:45.374387,Ozezhk,Yvzzll,3584912942.131592,60.0
2017-04-09T17:20:45.375631,Nhfgtb,Uejptx,51,50.0
2017-04-09T17:20:45.377413,Azljwl,Oagowa,8.438356668741454e+26,144.0
2017-04-09T17:20:45.378907,Iqtarl,Yqkyzy,3584912938.131592,62.0
2017-04-09T17:20:45.380569,Jdbsjy,Euljse,36,29.0
2017-04-09T17:20:45.382066,Wvfyjp,Eufnum,442431.3920089205,60.0
2017-04-09T17:20:45.383697,Ymbfqr,Zjmwjl,3.0121946291700612e+35,88.0
2017-04-09T17:20:45.385369,Ujqrvn,Aojbiv,340,107.0
2017-04-09T17:20:45.386805,Odhtjr,Komkhs,6.931471805599453,50.0
2017-04-09T17:20:45.388800,Ymepda,Vyqawp,195,151.0
2017-04-09T17:20:45.391270,Nnlmlo,Gibpck,403.4287934927351,70.0
2017-04-09T17:20:45.394818,Ywmsvg,Ugifmn,411.4287934927351,58.0
2017-04-09T17:20:45.396202,Bxqraa,Pcgkug,442454.3920089205,55.0
2017-04-09T17:20:45.397745,Azgfeg,Xendfr,3584912923.131592,178.0
2017-04-09T17:21:06.018437,Kfllee,Ogjkii,85.52636052461617,156.0
2017-04-09T17:21:06.020402,Yoanto,Exidjy,8.438356668741454e+26,116.0
2017-04-09T17:21:06.022403,Ggvqhz,Edznwc,189,112.0
2017-04-09T17:21:06.024369,Dxbqjw,Efitil,442416.3920089205,101.0
2017-04-09T17:21:06.026085,Ygredq,Cunmws,3584912857.131592,38.0
2017-04-09T17:21:06.027857,Scdvgf,Xqrfab,583461742527486.9,88.0
2017-04-09T17:21:06.029594,Pjqzoa,Yipguv,14.091042453358316,105.0
2017-04-09T17:21:06.031178,Habxxx,Sivseu,6.734591659972948,73.0
2017-04-09T17:21:06.032971,Cyggkx,Kxrvea,167,17.0
2017-04-09T17:21:06.034615,Whegcj,Bbkebr,46,29.0
2017-04-09T17:21:06.036368,Esjdim,Fmkgfl,67.09104245335831,100.0
2017-04-09T17:21:06.038423,Jbmvrn,Ydzrcm,136,33.0
2017-04-09T17:21:06.041252,Ozezhk,Yvzzll,3584912942.131592,60.0
2017-04-09T17:21:06.043668,Nhfgtb,Uejptx,51,50.0
2017-04-09T17:21:06.046068,Azljwl,Oagowa,8.438356668741454e+26,144.0
2017-04-09T17:21:06.047628,Iqtarl,Yqkyzy,3584912938.131592,62.0
2017-04-09T17:21:06.049040,Jdbsjy,Euljse,36,29.0
2017-04-09T17:21:06.050573,Wvfyjp,Eufnum,442431.3920089205,60.0
2017-04-09T17:21:06.052295,Ymbfqr,Zjmwjl,3.0121946291700612e+35,88.0
2017-04-09T17:21:06.054092,Ujqrvn,Aojbiv,340,107.0
2017-04-09T17:21:06.055634,Odhtjr,Komkhs,6.931471805599453,50.0
2017-04-09T17:21:06.057782,Ymepda,Vyqawp,195,151.0
2017-04-09T17:21:06.060706,Nnlmlo,Gibpck,403.4287934927351,70.0
2017-04-09T17:21:06.066491,Ywmsvg,Ugifmn,411.4287934927351,58.0
2017-04-09T17:21:06.068854,Bxqraa,Pcgkug,442454.3920089205,55.0
2017-04-09T17:21:06.071339,Azgfeg,Xendfr,3584912923.131592,178.0
2017-04-09T17:21:48.295773,Kfllee,Ogjkii,85.52636052461617,156.0
2017-04-09T17:21:48.296455,Ggvqhz,Exidjy,8.438356668741454e+26,91.0
2017-04-09T17:21:48.297642,Yoanto,Exidjy,7.120586326889338e+53,116.0
2017-04-09T17:21:48.298031,Whegcj,Edznwc,90,82.0
2017-04-09T17:21:48.298746,Ggvqhz,Edznwc,90,112.0
2017-04-09T17:21:48.299614,Dxbqjw,Efitil,442416.3920089205,101.0
2017-04-09T17:21:48.300151,Scdvgf,Xqrfab,583461742527486.9,88.0
2017-04-09T17:21:48.301044,Ygredq,Cunmws,3584912857.131592,38.0
2017-04-09T17:21:48.301453,Habxxx,Xqrfab,4.58756631893922e+27,138.0
2017-04-09T17:21:48.302138,Scdvgf,Xqrfab,2.29378315946961e+27,88.0
2017-04-09T17:21:48.303066,Pjqzoa,Yipguv,14.091042453358316,105.0
2017-04-09T17:21:48.303286,Ihmhvu,Uejptx,0,88.0
2017-04-09T17:21:48.303944,Habxxx,Sivseu,0,73.0
2017-04-09T17:21:48.304966,Cyggkx,Kxrvea,167,17.0
2017-04-09T17:21:48.305351,Bxqraa,Eufnum,442415.3920089205,100.0
2017-04-09T17:21:48.306079,Whegcj,Bbkebr,5,29.0
2017-04-09T17:21:48.307011,Esjdim,Fmkgfl,67.09104245335831,100.0
2017-04-09T17:21:48.308038,Jbmvrn,Ydzrcm,136,33.0
2017-04-09T17:21:48.308955,Ozezhk,Yvzzll,3584912942.131592,60.0
2017-04-09T17:21:48.309412,Iqtarl,Uejptx,119,55.0
2017-04-09T17:21:48.310079,Nhfgtb,Uejptx,119,50.0
2017-04-09T17:21:48.311358,Azljwl,Oagowa,8.438356668741454e+26,144.0
2017-04-09T17:21:48.312132,Iqtarl,Yqkyzy,495.4287934927351,62.0
2017-04-09T17:21:48.312494,Wvfyjp,Euljse,59,82.0
2017-04-09T17:21:48.313220,Jdbsjy,Euljse,118,29.0
2017-04-09T17:21:48.313613,Odhtjr,Eufnum,6.986854211497019e+19,62.0
2017-04-09T17:21:48.314291,Wvfyjp,Eufnum,3.4934271057485095e+19,60.0
2017-04-09T17:21:48.315367,Ymbfqr,Zjmwjl,3.0121946291700612e+35,88.0
2017-04-09T17:21:48.316492,Ujqrvn,Aojbiv,340,107.0
2017-04-09T17:21:48.317211,Odhtjr,Komkhs,0,50.0
2017-04-09T17:21:48.318521,Ymepda,Vyqawp,195,151.0
2017-04-09T17:21:48.319835,Nnlmlo,Gibpck,403.4287934927351,70.0
2017-04-09T17:21:48.321172,Bxqraa,Pcgkug,42.0,55.0
2017-04-09T17:21:48.321918,Ywmsvg,Ugifmn,411.4287934927351,58.0
2017-04-09T17:21:48.322588,Bxqraa,Pcgkug,42.0,55.0
2017-04-09T17:21:48.323458,Azgfeg,Xendfr,3584912923.131592,178.0
askdjlakjsdladjlj2017-04-09T17:22:16.742882,Kfllee,Ogjkii,85.52636052461617,156.0
2017-04-09T17:22:16.743528,Ggvqhz,Exidjy,8.438356668741454e+26,91.0
2017-04-09T17:22:16.744601,Yoanto,Exidjy,7.120586326889338e+53,116.0
2017-04-09T17:22:16.744991,Whegcj,Edznwc,90,82.0
2017-04-09T17:22:16.745724,Ggvqhz,Edznwc,90,112.0
2017-04-09T17:22:16.746647,Dxbqjw,Efitil,442416.3920089205,101.0
2017-04-09T17:22:16.747300,Scdvgf,Xqrfab,583461742527486.9,88.0
2017-04-09T17:22:16.748494,Ygredq,Cunmws,3584912857.131592,38.0
2017-04-09T17:22:16.749104,Habxxx,Xqrfab,4.58756631893922e+27,138.0
2017-04-09T17:22:16.749943,Scdvgf,Xqrfab,2.29378315946961e+27,88.0
2017-04-09T17:22:16.750922,Pjqzoa,Yipguv,14.091042453358316,105.0
2017-04-09T17:22:16.751133,Ihmhvu,Uejptx,0,88.0
2017-04-09T17:22:16.751777,Habxxx,Sivseu,0,73.0
2017-04-09T17:22:16.752775,Cyggkx,Kxrvea,167,17.0
2017-04-09T17:22:16.753137,Bxqraa,Eufnum,442415.3920089205,100.0
2017-04-09T17:22:16.753838,Whegcj,Bbkebr,5,29.0
2017-04-09T17:22:16.754765,Esjdim,Fmkgfl,67.09104245335831,100.0
2017-04-09T17:22:16.755768,Jbmvrn,Ydzrcm,136,33.0
2017-04-09T17:22:16.756673,Ozezhk,Yvzzll,3584912942.131592,60.0
2017-04-09T17:22:16.757109,Iqtarl,Uejptx,119,55.0
2017-04-09T17:22:16.757745,Nhfgtb,Uejptx,119,50.0
2017-04-09T17:22:16.758855,Azljwl,Oagowa,8.438356668741454e+26,144.0
2017-04-09T17:22:16.759598,Iqtarl,Yqkyzy,495.4287934927351,62.0
2017-04-09T17:22:16.759951,Wvfyjp,Euljse,59,82.0
2017-04-09T17:22:16.760654,Jdbsjy,Euljse,118,29.0
2017-04-09T17:22:16.761010,Odhtjr,Eufnum,6.986854211497019e+19,62.0
2017-04-09T17:22:16.761696,Wvfyjp,Eufnum,3.4934271057485095e+19,60.0
2017-04-09T17:22:16.762753,Ymbfqr,Zjmwjl,3.0121946291700612e+35,88.0
2017-04-09T17:22:16.763865,Ujqrvn,Aojbiv,340,107.0
2017-04-09T17:22:16.764569,Odhtjr,Komkhs,0,50.0
2017-04-09T17:22:16.765808,Ymepda,Vyqawp,195,151.0
2017-04-09T17:22:16.767119,Nnlmlo,Gibpck,403.4287934927351,70.0
2017-04-09T17:22:16.768415,Bxqraa,Pcgkug,42.0,55.0
2017-04-09T17:22:16.769133,Ywmsvg,Ugifmn,411.4287934927351,58.0
2017-04-09T17:22:16.769796,Bxqraa,Pcgkug,42.0,55.0
2017-04-09T17:22:16.770657,Azgfeg,Xendfr,3584912923.131592,178.0
2017-04-09T17:22:53.708069,Kfllee,Ogjkii,85.52636052461617,156.0
2017-04-09T17:22:53.708946,Ggvqhz,Exidjy,8.438356668741454e+26,91.0
2017-04-09T17:22:53.710095,Yoanto,Exidjy,7.120586326889338e+53,116.0
2017-04-09T17:22:53.710427,Whegcj,Edznwc,90,82.0
2017-04-09T17:22:53.711097,Ggvqhz,Edznwc,90,112.0
2017-04-09T17:22:53.711935,Dxbqjw,Efitil,442416.3920089205,101.0
2017-04-09T17:22:53.712462,Scdvgf,Xqrfab,583461742527486.9,88.0
2017-04-09T17:22:53.713406,Ygredq,Cunmws,3584912857.131592,38.0
2017-04-09T17:22:53.713738,Habxxx,Xqrfab,4.58756631893922e+27,138.0
2017-04-09T17:22:53.714385,Scdvgf,Xqrfab,2.29378315946961e+27,88.0
2017-04-09T17:22:53.715265,Pjqzoa,Yipguv,14.091042453358316,105.0
2017-04-09T17:22:53.715440,Ihmhvu,Uejptx,0,88.0
2017-04-09T17:22:53.716065,Habxxx,Sivseu,0,73.0
2017-04-09T17:22:53.717028,Cyggkx,Kxrvea,167,17.0
2017-04-09T17:22:53.717382,Bxqraa,Eufnum,442415.3920089205,100.0
2017-04-09T17:22:53.718033,Whegcj,Bbkebr,5,29.0
2017-04-09T17:22:53.718939,Esjdim,Fmkgfl,67.09104245335831,100.0
2017-04-09T17:22:53.719909,Jbmvrn,Ydzrcm,136,33.0
2017-04-09T17:22:53.720763,Ozezhk,Yvzzll,3584912942.131592,60.0
2017-04-09T17:22:53.721161,Iqtarl,Uejptx,119,55.0
2017-04-09T17:22:53.721931,Nhfgtb,Uejptx,119,50.0
2017-04-09T17:22:53.723047,Azljwl,Oagowa,8.438356668741454e+26,144.0
2017-04-09T17:22:53.723759,Iqtarl,Yqkyzy,495.4287934927351,62.0
2017-04-09T17:22:53.724096,Wvfyjp,Euljse,59,82.0
2017-04-09T17:22:53.724782,Jdbsjy,Euljse,118,29.0
2017-04-09T17:22:53.725104,Odhtjr,Eufnum,6.986854211497019e+19,62.0
2017-04-09T17:22:53.725794,Wvfyjp,Eufnum,3.4934271057485095e+19,60.0
2017-04-09T17:22:53.726834,Ymbfqr,Zjmwjl,3.0121946291700612e+35,88.0
2017-04-09T17:22:53.727902,Ujqrvn,Aojbiv,340,107.0
2017-04-09T17:22:53.728583,Odhtjr,Komkhs,0,50.0
2017-04-09T17:22:53.729802,Ymepda,Vyqawp,195,151.0
2017-04-09T17:22:53.731028,Nnlmlo,Gibpck,403.4287934927351,70.0
2017-04-09T17:22:53.732216,Bxqraa,Pcgkug,42.0,55.0
2017-04-09T17:22:53.732919,Ywmsvg,Ugifmn,411.4287934927351,58.0
2017-04-09T17:22:53.733577,Bxqraa,Pcgkug,42.0,55.0
2017-04-09T17:22:53.734419,Azgfeg,Xendfr,3584912923.131592,178.0
2017-04-09T17:23:02.633147,Kfllee,Ogjkii,85.52636052461617,156.0
2017-04-09T17:23:02.633963,Ggvqhz,Exidjy,8.438356668741454e+26,91.0
2017-04-09T17:23:02.635277,Yoanto,Exidjy,7.120586326889338e+53,116.0
2017-04-09T17:23:02.635681,Whegcj,Edznwc,90,82.0
2017-04-09T17:23:02.636390,Ggvqhz,Edznwc,90,112.0
2017-04-09T17:23:02.637295,Dxbqjw,Efitil,442416.3920089205,101.0
2017-04-09T17:23:02.637899,Scdvgf,Xqrfab,583461742527486.9,88.0
2017-04-09T17:23:02.638881,Ygredq,Cunmws,3584912857.131592,38.0
2017-04-09T17:23:02.639290,Habxxx,Xqrfab,4.58756631893922e+27,138.0
2017-04-09T17:23:02.640098,Scdvgf,Xqrfab,2.29378315946961e+27,88.0
2017-04-09T17:23:02.641534,Pjqzoa,Yipguv,14.091042453358316,105.0
2017-04-09T17:23:02.641759,Ihmhvu,Uejptx,0,88.0
2017-04-09T17:23:02.642473,Habxxx,Sivseu,0,73.0
2017-04-09T17:23:02.643621,Cyggkx,Kxrvea,167,17.0
2017-04-09T17:23:02.644047,Bxqraa,Eufnum,442415.3920089205,100.0
2017-04-09T17:23:02.644769,Whegcj,Bbkebr,5,29.0
2017-04-09T17:23:02.645823,Esjdim,Fmkgfl,67.09104245335831,100.0
2017-04-09T17:23:02.646981,Jbmvrn,Ydzrcm,136,33.0
2017-04-09T17:23:02.647960,Ozezhk,Yvzzll,3584912942.131592,60.0
2017-04-09T17:23:02.648467,Iqtarl,Uejptx,119,55.0
2017-04-09T17:23:02.649136,Nhfgtb,Uejptx,119,50.0
2017-04-09T17:23:02.650461,Azljwl,Oagowa,8.438356668741454e+26,144.0
2017-04-09T17:23:02.651250,Iqtarl,Yqkyzy,495.4287934927351,62.0
2017-04-09T17:23:02.651655,Wvfyjp,Euljse,59,82.0
2017-04-09T17:23:02.652423,Jdbsjy,Euljse,118,29.0
2017-04-09T17:23:02.652830,Odhtjr,Eufnum,6.986854211497019e+19,62.0
2017-04-09T17:23:02.653568,Wvfyjp,Eufnum,3.4934271057485095e+19,60.0
2017-04-09T17:23:02.654766,Ymbfqr,Zjmwjl,3.0121946291700612e+35,88.0
2017-04-09T17:23:02.656027,Ujqrvn,Aojbiv,340,107.0
2017-04-09T17:23:02.656759,Odhtjr,Komkhs,0,50.0
2017-04-09T17:23:02.658186,Ymepda,Vyqawp,195,151.0
2017-04-09T17:23:02.659501,Nnlmlo,Gibpck,403.4287934927351,70.0
2017-04-09T17:23:02.660753,Bxqraa,Pcgkug,42.0,55.0
2017-04-09T17:23:02.661555,Ywmsvg,Ugifmn,411.4287934927351,58.0
2017-04-09T17:23:02.662227,Bxqraa,Pcgkug,42.0,55.0
2017-04-09T17:23:02.663186,Azgfeg,Xendfr,3584912923.131592,178.0
2017-04-09T17:23:38.932878,Kfllee,Ogjkii,85.52636052461617,156.0
2017-04-09T17:23:38.933536,Ggvqhz,Exidjy,8.438356668741454e+26,91.0
2017-04-09T17:23:38.934615,Yoanto,Exidjy,7.120586326889338e+53,116.0
2017-04-09T17:23:38.934936,Whegcj,Edznwc,90,82.0
2017-04-09T17:23:38.935561,Ggvqhz,Edznwc,90,112.0
2017-04-09T17:23:38.936326,Dxbqjw,Efitil,442416.3920089205,101.0
2017-04-09T17:23:38.936784,Scdvgf,Xqrfab,583461742527486.9,88.0
2017-04-09T17:23:38.937655,Ygredq,Cunmws,3584912857.131592,38.0
2017-04-09T17:23:38.937981,Habxxx,Xqrfab,4.58756631893922e+27,138.0
2017-04-09T17:23:38.938625,Scdvgf,Xqrfab,2.29378315946961e+27,88.0
2017-04-09T17:23:38.939474,Pjqzoa,Yipguv,14.091042453358316,105.0
2017-04-09T17:23:38.939647,Ihmhvu,Uejptx,0,88.0
2017-04-09T17:23:38.940264,Habxxx,Sivseu,0,73.0
2017-04-09T17:23:38.941208,Cyggkx,Kxrvea,167,17.0
2017-04-09T17:23:38.941594,Bxqraa,Eufnum,442415.3920089205,100.0
2017-04-09T17:23:38.942231,Whegcj,Bbkebr,5,29.0
2017-04-09T17:23:38.943079,Esjdim,Fmkgfl,67.09104245335831,100.0
2017-04-09T17:23:38.944084,Jbmvrn,Ydzrcm,136,33.0
2017-04-09T17:23:38.944908,Ozezhk,Yvzzll,3584912942.131592,60.0
2017-04-09T17:23:38.945319,Iqtarl,Uejptx,119,55.0
2017-04-09T17:23:38.946062,Nhfgtb,Uejptx,119,50.0
2017-04-09T17:23:38.947145,Azljwl,Oagowa,8.438356668741454e+26,144.0
2017-04-09T17:23:38.947831,Iqtarl,Yqkyzy,495.4287934927351,62.0
2017-04-09T17:23:38.948161,Wvfyjp,Euljse,59,82.0
2017-04-09T17:23:38.948823,Jdbsjy,Euljse,118,29.0
2017-04-09T17:23:38.949141,Odhtjr,Eufnum,6.986854211497019e+19,62.0
2017-04-09T17:23:38.949801,Wvfyjp,Eufnum,3.4934271057485095e+19,60.0
2017-04-09T17:23:38.950813,Ymbfqr,Zjmwjl,3.0121946291700612e+35,88.0
2017-04-09T17:23:38.951845,Ujqrvn,Aojbiv,340,107.0
2017-04-09T17:23:38.952480,Odhtjr,Komkhs,0,50.0
2017-04-09T17:23:38.953657,Ymepda,Vyqawp,195,151.0
2017-04-09T17:23:38.954864,Nnlmlo,Gibpck,403.4287934927351,70.0
2017-04-09T17:23:38.956032,Bxqraa,Pcgkug,42.0,55.0
2017-04-09T17:23:38.956714,Ywmsvg,Ugifmn,411.4287934927351,58.0
2017-04-09T17:23:38.957339,Bxqraa,Pcgkug,42.0,55.0
2017-04-09T17:23:38.958147,Azgfeg,Xendfr,3584912923.131592,178.0
2017-04-09T17:24:20.321742,Kfllee,Ogjkii,85.52636052461617,156.0
2017-04-09T17:24:20.322364,Ggvqhz,Exidjy,8.438356668741454e+26,91.0
2017-04-09T17:24:20.323435,Yoanto,Exidjy,7.120586326889338e+53,116.0
2017-04-09T17:24:20.323758,Whegcj,Edznwc,90,82.0
2017-04-09T17:24:20.324393,Ggvqhz,Edznwc,90,112.0
2017-04-09T17:24:20.325171,Dxbqjw,Efitil,442416.3920089205,101.0
2017-04-09T17:24:20.325674,Scdvgf,Xqrfab,583461742527486.9,88.0
2017-04-09T17:24:20.326520,Ygredq,Cunmws,3584912857.131592,38.0
2017-04-09T17:24:20.326852,Habxxx,Xqrfab,4.58756631893922e+27,138.0
2017-04-09T17:24:20.328257,Scdvgf,Xqrfab,2.29378315946961e+27,88.0
2017-04-09T17:24:20.329207,Pjqzoa,Yipguv,14.091042453358316,105.0
2017-04-09T17:24:20.329425,Ihmhvu,Uejptx,0,88.0
2017-04-09T17:24:20.330112,Habxxx,Sivseu,0,73.0
2017-04-09T17:24:20.331268,Cyggkx,Kxrvea,167,17.0
2017-04-09T17:24:20.331690,Bxqraa,Eufnum,442415.3920089205,100.0
2017-04-09T17:24:20.332339,Whegcj,Bbkebr,5,29.0
2017-04-09T17:24:20.333200,Esjdim,Fmkgfl,67.09104245335831,100.0
2017-04-09T17:24:20.334169,Jbmvrn,Ydzrcm,136,33.0
2017-04-09T17:24:20.335006,Ozezhk,Yvzzll,3584912942.131592,60.0
2017-04-09T17:24:20.335402,Iqtarl,Uejptx,119,55.0
2017-04-09T17:24:20.336174,Nhfgtb,Uejptx,119,50.0
2017-04-09T17:24:20.337242,Azljwl,Oagowa,8.438356668741454e+26,144.0
2017-04-09T17:24:20.337961,Iqtarl,Yqkyzy,495.4287934927351,62.0
2017-04-09T17:24:20.338277,Wvfyjp,Euljse,59,82.0
2017-04-09T17:24:20.338954,Jdbsjy,Euljse,118,29.0
2017-04-09T17:24:20.339274,Odhtjr,Eufnum,6.986854211497019e+19,62.0
2017-04-09T17:24:20.339910,Wvfyjp,Eufnum,3.4934271057485095e+19,60.0
2017-04-09T17:24:20.340915,Ymbfqr,Zjmwjl,3.0121946291700612e+35,88.0
2017-04-09T17:24:20.342020,Ujqrvn,Aojbiv,340,107.0
2017-04-09T17:24:20.342672,Odhtjr,Komkhs,0,50.0
2017-04-09T17:24:20.343832,Ymepda,Vyqawp,195,151.0
2017-04-09T17:24:20.345005,Nnlmlo,Gibpck,403.4287934927351,70.0
2017-04-09T17:24:20.346168,Bxqraa,Pcgkug,42.0,55.0
2017-04-09T17:24:20.346866,Ywmsvg,Ugifmn,411.4287934927351,58.0
2017-04-09T17:24:20.347469,Bxqraa,Pcgkug,42.0,55.0
2017-04-09T17:24:20.348290,Azgfeg,Xendfr,3584912923.131592,178.0
